,percent_cropland 2050,Calories 2050,Population 2050,Precipitation 2050,Temperature 2050,max_lat,max_lon,min_lat,min_lon,workability_index 2050,ΔCalories,percent_change_in_production
0,4.318418314255984,10369308074556.44,12059.229024285913,3140.25,233.5,15.578333333333333,166.83785714285713,15.055,166.64499999999995,1.0,10369308074556.44,inf
1,9.794484911550468,22910397039353.97,16615.1155921869,2884.5,249.125,15.578333333333333,166.98071428571427,15.25,166.78785714285712,1.5,22910397039353.97,inf
2,6.399583766909469,3654973493048.079,3649.4216272345006,2678.0,255.0,15.58,166.98071428571427,15.528333333333332,166.78785714285712,1.0,3654973493048.079,inf
3,22.996878251821016,40876919863741.25,13317.343679551312,2764.333333333333,254.3333333333333,15.578333333333333,167.1235714285714,15.25,166.93071428571423,1.0,40876919863741.25,inf
4,24.5057232049948,14320473825758.945,3294.215404776179,2547.5,259.5,15.58,167.1235714285714,15.528333333333332,166.93071428571423,1.0,14320473825758.945,inf
5,0.4856052722858134,435176735726.3185,8632.533701746808,2147.0,244.3333333333333,16.525,167.55214285714285,16.25,167.35928571428568,1.0,435176735726.3185,inf
6,8.012486992715921,4700720425321.432,5830.450072016139,1973.0,251.5,16.525,167.695,16.42,167.50214285714284,1.0,4700720425321.432,inf
