,Calories 2050,ΔCalories,Population 2050,min_lon,min_lat,max_lon,max_lat,percent_change_in_production
0,136142104830.47665,136142104830.47665,59.12694316264937,-58.92,51.475,-58.795,51.705,inf
