,Calories 2050,ΔCalories,Population 2050,min_lon,min_lat,max_lon,max_lat,percent_change_in_production
0,10369308074556.441,10369308074556.441,12059.229024285914,166.64499999999998,15.055,166.8392857142857,15.581666666666667,inf
0,22910397039353.97,22910397039353.97,16615.1155921869,166.78928571428568,15.25,166.98357142857142,15.581666666666667,inf
0,3654973493048.079,3654973493048.079,3649.421627234501,166.78928571428568,15.531666666666666,166.98357142857142,15.58,inf
0,40876919863741.25,40876919863741.25,13317.343679551312,166.9335714285714,15.25,167.12785714285712,15.581666666666667,inf
0,14320473825758.945,14320473825758.945,3294.215404776179,166.9335714285714,15.531666666666666,167.12785714285712,15.58,inf
0,435176735726.3185,435176735726.3185,8632.533701746808,167.36642857142854,16.25,167.56071428571428,16.535,inf
0,11002173661505.748,11002173661505.748,10693.530006273444,167.51071428571427,16.42,167.70499999999998,16.535,inf
