,Calories 2050,ΔCalories,Population 2050,min_lon,min_lat,max_lon,max_lat,percent_change_in_production
0,1527261341163.7964,1527261341163.7964,2540.680302064219,-78.605,-26.775,-78.58,-26.67,inf
0,2979681354906.982,2979681354906.982,278.29673999863536,-78.08,-25.08,-78.0,-24.42,inf
0,629668079459.7197,629668079459.7197,403.2190785603231,-77.89500000000001,-24.67,-77.67,-24.044999999999998,inf
0,1642834693980.7622,1642834693980.7622,754.8687931592377,-77.17,-26.58,-77.13499999999999,-26.42,inf
