,Calories 2050,ΔCalories,Population 2050,min_lon,min_lat,max_lon,max_lat,percent_change_in_production
0,10485220127807.441,10485220127807.441,11259.913560175499,166.64499999999998,15.055,166.8392857142857,15.581666666666667,inf
0,22363070315604.027,22363070315604.027,14532.663515957882,166.78928571428568,15.25,166.98357142857142,15.581666666666667,inf
0,3677050240950.9917,3677050240950.9917,3183.3961468836806,166.78928571428568,15.531666666666666,166.98357142857142,15.58,inf
0,40888865157864.23,40888865157864.23,11398.612009809309,166.9335714285714,15.25,167.12785714285712,15.581666666666667,inf
0,14685505032190.012,14685505032190.012,2844.207310118948,166.9335714285714,15.531666666666666,167.12785714285712,15.58,inf
0,438014470909.2621,438014470909.2621,7466.5998719534,167.36642857142854,16.25,167.56071428571428,16.535,inf
0,10484055324871.896,10484055324871.896,9205.665048131163,167.51071428571427,16.42,167.70499999999998,16.535,inf
