,percent_cropland 2050,Calories 2050,Population 2050,Precipitation 2050,Temperature 2050,max_lat,max_lon,min_lat,min_lon,workability_index 2050,ΔCalories,percent_change_in_production
0,4.682622268470344,1470137433529.25,2785.0826504994075,1401.0,259.0,-26.67,-78.58,-26.775,-78.605,3.0,1470137433529.25,inf
1,3.5379812695109267,2144341200543.7324,184.4867198654835,1133.5,267.0,-24.58,-78.20249999999999,-24.82833333333333,-78.25,1.5,2144341200543.7324,inf
2,3.0523759972251123,5577789723215.915,664.5967378286692,1212.3333333333333,265.6666666666667,-24.77833333333333,-78.02624999999998,-25.08,-78.2525,3.0,5577789723215.915,inf
3,2.2112382934443287,2685323775515.891,407.2044226428503,1140.0,266.5,-24.58,-78.02624999999998,-24.67,-78.2525,1.25,2685323775515.891,inf
4,2.1852237252861597,655024954806.7201,117.80477292615214,1205.0,266.0,-24.77833333333333,-78.0,-24.83,-78.07625,3.0,655024954806.7201,inf
5,3.0176899063475537,8416180711473.72,937.1036276540705,1133.888888888889,266.3333333333333,-24.25,-77.85,-24.82833333333333,-78.07625,2.4444444444444446,8416180711473.72,inf
6,0.6689460383529061,1422761717738.206,609.9175413384178,962.7142857142856,267.14285714285717,-23.805,-77.67375,-24.67,-77.9,2.7142857142857144,1422761717738.206,inf
7,1.0405827263267429,948103439744.6938,250.724120491886,702.3333333333335,268.0,-23.805,-77.67,-24.17,-77.72375000000002,3.0,948103439744.6938,inf
8,0.10405827263267432,32145852618.328323,480.5545642761149,1160.0,261.0,-26.33,-77.145,-26.33,-77.37125,3.0,32145852618.328323,inf
