,percent_cropland 2050,Calories 2050,Population 2050,Precipitation 2050,Temperature 2050,max_lat,max_lon,min_lat,min_lon,workability_index 2050,ΔCalories,percent_change_in_production
0,4.3054110301769,10485220127807.44,11259.9135601755,3169.5,233.75,15.578333333333333,166.83785714285713,15.055,166.64499999999995,1.0,10485220127807.44,inf
1,9.482310093652444,22363070315604.027,14532.66351595788,2919.0,249.75,15.578333333333333,166.98071428571427,15.25,166.78785714285712,1.5,22363070315604.027,inf
2,6.399583766909469,3677050240950.9917,3183.396146883681,2715.0,255.0,15.58,166.98071428571427,15.528333333333332,166.78785714285712,1.0,3677050240950.9917,inf
3,22.996878251821016,40888865157864.23,11398.612009809309,2803.333333333333,254.8333333333333,15.578333333333333,167.1235714285714,15.25,166.93071428571423,1.0,40888865157864.23,inf
4,24.19354838709677,14685505032190.012,2844.2073101189476,2589.0,259.5,15.58,167.1235714285714,15.528333333333332,166.93071428571423,1.0,14685505032190.012,inf
5,0.4856052722858134,438014470909.2621,7466.5998719534,2212.0,245.3333333333333,16.525,167.55214285714285,16.25,167.35928571428568,1.0,438014470909.2621,inf
6,7.544224765868888,4466424621744.722,5023.373336096298,2035.0,252.5,16.525,167.695,16.42,167.50214285714284,1.0,4466424621744.722,inf
