,Calories 2050,ΔCalories,Population 2050,min_lon,min_lat,max_lon,max_lat,percent_change_in_production
0,5634533906570.584,-26848785532964.086,36602.60976762486,-67.19500000000001,-18.144999999999996,-66.90899999999999,-18.044999999999998,-82.65406983095167
0,515679436168.1058,-15312249558120.062,51779.86543732961,-66.959,-18.144999999999996,-66.67299999999999,-18.044999999999998,-96.7419651910607
0,1710841105962.143,-14721388631119.344,69026.92874003122,-66.723,-18.144999999999996,-66.437,-18.044999999999998,-89.58850300089583
0,904906338104.896,-7204816723784.037,40891.59259476265,-66.48700000000001,-18.144999999999996,-66.201,-18.044999999999998,-88.8417109783016
0,401442892142.74805,-3253986180262.9395,47069.00815922231,-66.251,-18.144999999999996,-65.96499999999999,-18.044999999999998,-89.01789956278503
