,Calories 2050,ΔCalories,Population 2050,min_lon,min_lat,max_lon,max_lat,percent_change_in_production
0,106954124838.5444,106954124838.5444,28.450964027448062,-60.275,51.5,-60.0,51.57,inf
0,22772915129.74878,22772915129.74878,12.002750449079652,-60.275,51.67,-59.7425,51.785,inf
0,23356686972.79341,23356686972.79341,18.226398830083912,-59.0,51.5,-59.0,51.57,inf
0,133662209054.10274,133662209054.10274,59.124659619540495,-58.92,51.52,-58.7775,51.785,inf
0,24208580710.469124,24208580710.469124,18.670945143012787,-58.58,51.5,-58.58,51.57,inf
0,12375202392.824436,12375202392.824436,16.003667265439528,-58.33,51.52,-58.295,51.58,inf
