,percent_cropland 2050,Calories 2050,Population 2050,Precipitation 2050,Temperature 2050,max_lat,max_lon,min_lat,min_lon,workability_index 2050,ΔCalories,percent_change_in_production
0,6.382240721470691,5634533906570.584,36602.60976762486,1060.6666666666667,270.3333333333333,-18.055,-66.911,-18.15,-67.19500000000001,2.0,-26848785532964.09,-82.65406983095167
1,0.5896635449184878,515679436168.1058,51779.86543732961,1065.3333333333333,269.6666666666667,-18.055,-66.67699999999999,-18.15,-66.96100000000001,1.3333333333333333,-15312249558120.062,-96.7419651910607
2,1.9771071800208118,1710841105962.1428,69026.92874003122,951.3333333333336,272.6666666666667,-18.055,-66.443,-18.15,-66.727,1.6666666666666667,-14721388631119.346,-89.58850300089583
3,0.9365244536940688,904906338104.896,40891.59259476265,1039.0,265.0,-18.055,-66.20899999999999,-18.15,-66.49300000000001,1.6666666666666667,-7204816723784.037,-88.8417109783016
4,0.5723204994797086,343313979327.5546,31907.756156782998,1502.0,250.5,-18.055,-65.975,-18.15,-66.259,2.0,-2006377397770.6528,-85.38897564702576
