,Calories 2050,ΔCalories,Population 2050,min_lon,min_lat,max_lon,max_lat,percent_change_in_production
0,1470137433529.25,1470137433529.25,2785.0826504994075,-78.605,-26.775,-78.58,-26.67,inf
0,2144341200543.7324,2144341200543.7324,184.4867198654835,-78.25,-24.821666666666662,-78.19999999999999,-24.58,inf
0,5577789723215.914,5577789723215.914,664.5967378286693,-78.25,-25.08,-78.0225,-24.771666666666665,inf
0,2685323775515.891,2685323775515.891,407.2044226428503,-78.25,-24.67,-78.0225,-24.58,inf
0,655024954806.7201,655024954806.7201,117.80477292615214,-78.0725,-24.83,-78.0,-24.771666666666665,inf
0,8416180711473.72,8416180711473.72,937.1036276540705,-78.0725,-24.821666666666662,-77.845,-24.25,inf
0,1422761717738.206,1422761717738.206,609.9175413384178,-77.89500000000001,-24.67,-77.66749999999999,-23.794999999999998,inf
0,948103439744.6938,948103439744.6938,250.724120491886,-77.7175,-24.17,-77.67,-23.794999999999998,inf
0,1688674578537.4377,1688674578537.4377,1311.856169453113,-77.3625,-26.58,-77.13499999999999,-26.33,inf
