,Calories 2050,ΔCalories,Population 2050,min_lon,min_lat,max_lon,max_lat,percent_change_in_production
0,27890754906632.484,27890754906632.484,12636.378330598549,166.64499999999998,15.055,166.8392857142857,15.581666666666667,inf
0,63509484888534.766,63509484888534.766,16577.939756616677,166.78928571428568,15.25,166.98357142857142,15.581666666666667,inf
0,10630015499457.273,10630015499457.273,3634.397904491284,166.78928571428568,15.531666666666666,166.98357142857142,15.58,inf
0,59558081945255.17,59558081945255.17,14812.30515820188,166.9335714285714,15.055,167.12785714285712,15.581666666666667,inf
0,22701162224965.953,22701162224965.953,3252.999494259689,166.9335714285714,15.531666666666666,167.12785714285712,15.58,inf
0,435176735726.3185,435176735726.3185,8545.902606879274,167.36642857142854,16.25,167.56071428571428,16.535,inf
0,10970326861034.447,10970326861034.447,10542.687756949585,167.51071428571427,16.42,167.70499999999998,16.535,inf
