,percent_cropland 2050,Calories 2050,Population 2050,Precipitation 2050,Temperature 2050,max_lat,max_lon,min_lat,min_lon,workability_index 2050,ΔCalories,percent_change_in_production
0,8.428720083246617,8644459030206.117,1010.3946229095757,16.333333333333332,233.66666666666663,-21.145000000000003,-16.92,-21.25,-17.025,3.0,8644459030206.117,inf
1,0.11272979535206387,688095914690.1864,2704.9059746611388,34.291666666666664,252.9583333333333,-26.25,-8.725,-27.08,-9.95357142857143,3.75,688095914690.1864,inf
