,percent_cropland 2050,Calories 2050,Population 2050,Precipitation 2050,Temperature 2050,max_lat,max_lon,min_lat,min_lon,workability_index 2050,ΔCalories,percent_change_in_production
0,11.56347554630593,27890754906632.484,12636.378330598547,3140.25,233.5,15.578333333333333,166.83785714285713,15.055,166.64499999999995,1.0,27890754906632.484,inf
1,27.18522372528616,63509484888534.77,16577.939756616674,2884.5,249.125,15.578333333333333,166.98071428571427,15.25,166.78785714285712,1.5,63509484888534.77,inf
2,18.41831425598336,10630015499457.273,3634.397904491284,2678.0,255.0,15.58,166.98071428571427,15.528333333333332,166.78785714285712,1.0,10630015499457.273,inf
3,28.749814181656014,59558081945255.17,14812.305158201882,2776.857142857143,254.85714285714286,15.578333333333333,167.1235714285714,15.055,166.93071428571423,1.0,59558081945255.17,inf
4,38.81373569198751,22701162224965.953,3252.9994942596886,2547.5,259.5,15.58,167.1235714285714,15.528333333333332,166.93071428571423,1.0,22701162224965.953,inf
5,0.4856052722858134,435176735726.3185,8545.902606879274,2147.0,244.3333333333333,16.525,167.55214285714285,16.25,167.35928571428568,1.0,435176735726.3185,inf
6,7.960457856399582,4668873624850.13,5752.537094180739,1973.0,251.5,16.525,167.695,16.42,167.50214285714284,1.0,4668873624850.13,inf
