,percent_cropland 2050,Calories 2050,Population 2050,Precipitation 2050,Temperature 2050,max_lat,max_lon,min_lat,min_lon,workability_index 2050,ΔCalories,percent_change_in_production
0,1.7343045438779052,2819654930655.689,23708.489754897582,131.0,274.0,-29.25,46.97785714285714,-29.33,46.725,2.0,2819654930655.689,inf
1,6.576482830385014,16753538953434.588,12464.793498023491,122.8,278.6,-29.50166666666667,47.789285714285704,-30.025,47.67,2.4,16753538953434.588,inf
2,8.147762747138398,66014633842695.24,125023.55462667516,104.3,281.3,-29.02833333333333,47.789285714285704,-29.551666666666666,47.536428571428566,1.7,12686256344761.627,23.788941160366626
3,2.4973985431841834,1197640370292.518,4123.3702253010215,139.0,279.0,-29.92,47.83,-30.025,47.73928571428571,2.0,1197640370292.518,inf
4,3.728754769337496,12445260610830.467,1368622.412939164,102.33333333333331,283.1666666666667,-29.02833333333333,47.99214285714286,-29.25,47.73928571428571,1.8333333333333333,12445260610830.467,inf
5,0.4162330905306973,724180743721.1913,33054.08436644661,98.0,280.0,-28.555,47.99214285714286,-29.07833333333333,47.92,2.0,98503695863.40367,15.74353673363338
6,3.069719042663892,3641209387648.3965,844955.2833665174,108.0,284.0,-29.17,48.0,-29.25,47.94214285714286,2.0,3641209387648.3965,inf
7,12.313562261533125,27386174547983.1,48047.30928334808,94.33333333333331,279.3333333333333,-28.555,48.195,-29.07833333333333,47.94214285714286,2.0,3204581316304.198,13.25215127722048
