,Calories 2050,ΔCalories,Population 2050,min_lon,min_lat,max_lon,max_lat,percent_change_in_production
0,2819654930655.689,2819654930655.689,23708.489754897582,46.725,-29.33,46.979285714285716,-29.25,inf
0,16753538953434.588,16753538953434.588,12464.793498023493,47.67,-30.025,47.79642857142857,-29.498333333333335,inf
0,66014633842695.24,12686256344761.629,125023.55462667516,47.542142857142856,-29.548333333333332,47.79642857142857,-29.021666666666665,23.78894116036665
0,1197640370292.518,1197640370292.518,4123.3702253010215,47.746428571428574,-30.025,47.83,-29.92,inf
0,12445260610830.467,12445260610830.467,1368622.4129391639,47.746428571428574,-29.25,48.00071428571428,-29.021666666666665,inf
0,724180743721.1913,98503695863.40369,33054.08436644661,47.92,-29.071666666666662,48.00071428571428,-28.544999999999998,15.743536733633379
0,3641209387648.3955,3641209387648.3955,844955.2833665173,47.950714285714284,-29.25,48.0,-29.17,inf
0,28344638207943.543,4163044976264.639,63079.65198591435,47.950714285714284,-29.071666666666662,48.205,-28.544999999999998,17.21575967463913
