,Calories 2050,ΔCalories,Population 2050,min_lon,min_lat,max_lon,max_lat,percent_change_in_production
0,8644459030206.117,8644459030206.117,1010.3946229095756,-17.025,-21.25,-16.92,-21.135,inf
0,822551340626.8296,822551340626.8296,3209.8810259701036,-9.945,-27.33,-8.715,-26.25,inf
