,percent_cropland 2050,Calories 2050,Population 2050,Precipitation 2050,Temperature 2050,max_lat,max_lon,min_lat,min_lon,workability_index 2050,ΔCalories,percent_change_in_production
0,4.682622268470344,1527261341163.7964,2790.2538706570194,1450.0,259.0,-26.67,-78.58,-26.775,-78.605,3.0,1527261341163.7964,inf
1,3.2951786333680184,2979681354906.982,312.9422853182319,1226.0,265.0,-24.42,-78.0,-25.08,-78.08,2.6666666666666665,2979681354906.982,inf
2,0.4370447450572321,629668079459.7197,448.07645397837763,1036.4,266.0,-24.055,-77.67,-24.67,-77.9,2.6,629668079459.7197,inf
