,Calories 2050,ΔCalories,Population 2050,min_lon,min_lat,max_lon,max_lat,percent_change_in_production
0,10527328901476.105,10527328901476.105,9408.391336571261,166.64499999999998,15.055,166.8392857142857,15.581666666666667,inf
0,23278983591720.64,23278983591720.64,12768.43583507363,166.78928571428568,15.25,166.98357142857142,15.581666666666667,inf
0,3668557989990.793,3668557989990.793,2803.4454363000696,166.78928571428568,15.531666666666666,166.98357142857142,15.58,inf
0,41034831595894.11,41034831595894.11,10180.60585018579,166.9335714285714,15.25,167.12785714285712,15.581666666666667,inf
0,14545143774430.396,14545143774430.396,2523.812201375753,166.9335714285714,15.531666666666666,167.12785714285712,15.58,inf
0,439955375209.956,439955375209.956,6615.615530856539,167.36642857142854,16.25,167.56071428571428,16.535,inf
0,10838173419223.686,10838173419223.686,8183.606658961575,167.51071428571427,16.42,167.70499999999998,16.535,inf
