,Calories 2050,ΔCalories,Population 2050,min_lon,min_lat,max_lon,max_lat,percent_change_in_production
0,134556314176.80963,134556314176.80963,59.127536160467685,-58.92,51.475,-58.795,51.705,inf
