,percent_cropland 2050,Calories 2050,Population 2050,Precipitation 2050,Temperature 2050,max_lat,max_lon,min_lat,min_lon,workability_index 2050,ΔCalories,percent_change_in_production
0,4.318418314255984,10527328901476.104,9408.39133657126,3021.25,237.625,15.578333333333333,166.83785714285713,15.055,166.64499999999995,1.0,10527328901476.104,inf
1,9.794484911550468,23278983591720.64,12768.435835073633,2785.0,253.625,15.578333333333333,166.98071428571427,15.25,166.78785714285712,1.5,23278983591720.64,inf
2,6.399583766909469,3668557989990.793,2803.4454363000696,2600.0,259.0,15.58,166.98071428571427,15.528333333333332,166.78785714285712,1.0,3668557989990.793,inf
3,22.996878251821016,41034831595894.11,10180.605850185791,2678.6666666666665,258.6666666666667,15.578333333333333,167.1235714285714,15.25,166.93071428571423,1.0,41034831595894.11,inf
4,24.60978147762748,14545143774430.395,2523.812201375753,2481.5,263.5,15.58,167.1235714285714,15.528333333333332,166.93071428571423,1.0,14545143774430.395,inf
5,0.4856052722858134,439955375209.956,6615.615530856539,2146.6666666666665,249.3333333333333,16.525,167.55214285714285,16.25,167.35928571428568,1.0,439955375209.956,inf
6,8.012486992715921,4682870103227.078,4463.0175602626705,1976.5,256.5,16.525,167.695,16.42,167.50214285714284,1.0,4682870103227.078,inf
