,Calories 2050,ΔCalories,Population 2050,min_lon,min_lat,max_lon,max_lat,percent_change_in_production
0,1489147470872.99,1489147470872.99,2745.2070360217144,-78.605,-26.775,-78.58,-26.67,inf
0,3001229031987.3545,3001229031987.3545,305.4181755055737,-78.08,-25.08,-78.0,-24.42,inf
0,652956244930.4661,652956244930.4661,440.1222616455866,-77.89500000000001,-24.67,-77.67,-24.044999999999998,inf
0,1642397373654.857,1642397373654.857,819.7832833075369,-77.17,-26.58,-77.13499999999999,-26.42,inf
