,percent_cropland 2050,Calories 2050,Population 2050,Precipitation 2050,Temperature 2050,max_lat,max_lon,min_lat,min_lon,workability_index 2050,ΔCalories,percent_change_in_production
0,8.498092265001732,8664945219371.566,740.2013496136476,16.333333333333332,235.66666666666663,-21.145000000000003,-16.92,-21.25,-17.025,3.0,8664945219371.566,inf
1,0.1156203029251937,247351061041.7788,180.0489769330494,46.444444444444436,285.22222222222223,-21.75,-13.5,-22.105,-13.83,2.888888888888889,247351061041.7788,inf
2,0.10405827263267432,22236917010.428883,20.005441881449933,47.0,290.0,-21.5,-13.75,-21.5,-13.75,3.0,22236917010.428883,inf
