,Calories 2050,ΔCalories,Population 2050,min_lon,min_lat,max_lon,max_lat,percent_change_in_production
0,1457926255437.038,1457926255437.038,2539.801988193856,-78.605,-26.775,-78.58,-26.67,inf
0,2929746718080.997,2929746718080.997,204.05550719078934,-78.08,-25.08,-77.987,-25.0,inf
0,1121799126897.9421,1121799126897.9421,566.8208533077484,-78.037,-24.75,-77.70299999999999,-23.794999999999998,inf
0,685873550403.6095,685873550403.6095,404.9990567555754,-77.753,-24.17,-77.67,-23.794999999999998,inf
0,1674918312486.2358,1674918312486.2358,751.7600493673742,-77.17,-26.58,-77.13499999999999,-26.42,inf
