,percent_cropland 2050,Calories 2050,Population 2050,Precipitation 2050,Temperature 2050,max_lat,max_lon,min_lat,min_lon,workability_index 2050,ΔCalories,percent_change_in_production
0,4.682622268470344,1457926255437.038,2539.801988193856,1404.0,257.0,-26.67,-78.58,-26.775,-78.605,3.0,1457926255437.038,inf
1,4.838709677419357,2929746718080.997,204.05550719078929,1265.0,262.5,-25.0,-77.991,-25.08,-78.08,3.0,2929746718080.997,inf
2,0.5202913631633715,1121799126897.942,566.8208533077484,1062.2857142857142,264.7142857142857,-23.805,-77.70899999999997,-24.75,-78.04100000000003,2.571428571428572,1121799126897.942,inf
3,0.4370447450572321,685873550403.6095,404.9990567555754,717.8,265.8,-23.805,-77.67,-24.17,-77.759,3.0,685873550403.6095,inf
