,Calories 2050,ΔCalories,Population 2050,min_lon,min_lat,max_lon,max_lat,percent_change_in_production
0,8664945219371.566,8664945219371.566,740.2013496136476,-17.025,-21.25,-16.92,-21.135,inf
0,293077612040.5351,293077612040.5351,220.05986069594928,-13.83,-22.104999999999997,-13.215,-21.75,inf
0,64850611553.39704,64850611553.39704,60.0163256443498,-13.75,-21.644999999999996,-13.215,-21.5,inf
