,Calories 2050,ΔCalories,Population 2050,min_lon,min_lat,max_lon,max_lat,percent_change_in_production
0,139884333561.04126,139884333561.04126,59.12719489406314,-58.92,51.475,-58.795,51.705,inf
