continent,Calories2000,Population2000,Caloryrequirements2000,Cropland2000,Sufficiency2000,Percentageoftotalcal2000,Yield2000,Calories2050,Population2050,Caloryrequirements2050,Cropland2050,Sufficiency2050,Percentageoftotalcal2050,Yield2050,diffCalories,diffPopulation,diffCaloryrequirements,diffYield
Africa,1.3635610402197028e+18,733493489.803519,6.304926664978598e+17,24.88733451977633,216.26913565763596,8.081547927177398,2384412607.6614976,1.51446457093932e+18,1834052094.1343825,1.5765053288155617e+18,27.675068811524913,96.06466551414366,10.8800838610235,2779874145.8127933,11.157116446506738,150.0434045605054,150.0434045605054,16.585281292365874
Asia,7.48875428486077e+18,3517987989.948624,3.023974526460089e+18,34.44847374261248,247.64607701994177,44.3843178873797,4937351054.01377,6.27597126633704e+18,4769440209.144421,4.0996915677753155e+18,31.63727518563516,153.08398601660357,45.08728364954056,5261269728.290163,-16.077606430158404,35.572953141721,35.57295314172099,6.560576121340744
Europe,2.5394318428930355e+18,512063049.0107875,4.401565953534477e+17,46.71217218011904,576.9382691752832,15.05069413162011,9083797545.037424,1.730576336202639e+18,546804775.8381711,4.7001971519109594e+17,45.50368446182084,368.19228646590676,12.432655096123689,7222773069.306313,-31.84874474657854,6.784658040547609,6.784658040547601,-20.487295830891885
North America,3.229553770698275e+18,415407627.55106515,3.5707401145220685e+17,26.283100446345546,904.4494046384946,19.140905915799184,9475243820.17325,2.379869171773513e+18,579957020.7270497,4.9851655609145376e+17,21.994904261979382,477.39019751571135,17.097247874937466,7927018316.340499,-26.172380929714983,39.61154833531718,39.611548335317174,-16.339690389143385
Oceania,3.342906611736874e+17,19719638.468836132,1.6950508236849818e+16,26.21558277724479,1972.1571560134764,1.9812725064714996,3930828141.87445,3.955544245543923e+17,33780049.19566627,2.903648578736483e+16,20.42918917442892,1362.2668646992984,2.841707487472889,5718898240.038858,18.47874639239088,71.30156442295056,71.30156442295055,45.488381420606984
South America,1.840039735223349e+18,309053283.40658075,2.6565447608421165e+17,24.77466346122,692.6439796331766,10.905539883804783,4825606234.205547,1.5550163999189332e+18,418779587.1099992,3.599724635900776e+17,28.101689852843236,431.98204229580307,11.171412762657974,4078920548.527044,-15.449151472393742,35.50400840073456,35.50400840073457,-15.473406851676792
