continent,Calories2000,Population2000,Caloryrequirements2000,Cropland2000,Sufficiency2000,Percentageoftotalcal2000,Yield2000,Calories2050,Population2050,Caloryrequirements2050,Cropland2050,Sufficiency2050,Percentageoftotalcal2050,Yield2050,diffCalories,diffPopulation,diffCaloryrequirements,diffYield
Africa,1.3635610402197028e+18,733493489.803519,6.304926664978598e+17,24.88733451977633,216.26913565763596,8.081547927177398,2384412607.6614976,1.4118740782155028e+18,1571291204.5015976,1.3506426371094607e+18,29.51929624499014,104.53350423151788,10.99604386399816,2739965152.2170277,3.9066190697483387,114.22019777196654,114.22019777196654,14.91153600736228
Asia,7.48875428486077e+18,3517987989.948624,3.023974526460089e+18,34.44847374261248,247.64607701994177,44.3843178873797,4937351054.01377,5.770907667784994e+18,4374168462.000833,3.759925855724366e+18,34.53963877728414,153.48461350638001,44.945335302318135,5307001037.4032135,-22.77849427523178,24.33721986824383,24.33721986824383,7.486807791172558
Europe,2.5394318428930355e+18,512063049.0107875,4.401565953534477e+17,46.71217218011904,576.9382691752832,15.05069413162011,9083797545.037424,1.61651494687892e+18,554417627.8260856,4.765635324386075e+17,44.29332923975958,339.20240153649706,12.589840366752673,7232099891.69334,-36.33770040184587,8.271360118079095,8.271360118079084,-20.384620464771213
North America,3.229553770698275e+18,415407627.55106515,3.5707401145220685e+17,26.283100446345546,904.4494046384946,19.140905915799184,9475243820.17325,2.2126441726095255e+18,553549420.9897525,4.7581724354726656e+17,30.212969964882895,465.0197534065885,17.23265038493084,7899371202.830389,-31.127932162065626,33.254515390838826,33.254515390838826,-16.631472996903284
Oceania,3.342906611736874e+17,19719638.468836132,1.6950508236849818e+16,26.21558277724479,1972.1571560134764,1.9812725064714996,3930828141.87445,3.9676934624925184e+17,34400447.83401903,2.9569764946926904e+16,28.115003548150074,1341.807575952635,3.0901432376752744,5494911957.56049,18.856679649311907,74.44765982086166,74.44765982086165,39.790185661492494
South America,1.840039735223349e+18,309053283.40658075,2.6565447608421165e+17,24.77466346122,692.6439796331766,10.905539883804783,4825606234.205547,1.3706489449945009e+18,371463455.732771,3.1930069996149664e+17,29.077277063802704,429.2658754458674,10.674971765436611,4093407042.7061195,-25.340518473671295,20.193984557700162,20.19398455770017,-15.173206348859331
