continent,Calories2000,Population2000,Caloryrequirements2000,Cropland2000,Sufficiency2000,Percentageoftotalcal2000,Yield2000,Calories2050,Population2050,Caloryrequirements2050,Cropland2050,Sufficiency2050,Percentageoftotalcal2050,Yield2050,diffCalories,diffPopulation,diffCaloryrequirements,diffYield
Africa,1.3635610402197028e+18,733493489.803519,6.304926664978598e+17,24.88733451977633,216.26913565763596,8.081547927177398,2384412607.6614976,1.7512143853982897e+18,2052400090.5964012,1.7641918078744015e+18,36.427767203396726,99.26439843909331,12.543148463978762,2776062748.0904427,28.79309141462099,179.81163011360576,179.81163011360576,16.425434892036336
Asia,7.48875428486077e+18,3517987989.948624,3.023974526460089e+18,34.44847374261248,247.64607701994177,44.3843178873797,4937351054.01377,5.987023812639554e+18,5232961683.210657,4.4981230388458004e+18,35.963214967771236,133.10049015857507,42.88231593200081,5294924289.178472,-19.925989342359653,48.74870801611458,48.74870801611456,7.242208043400436
Europe,2.5394318428930355e+18,512063049.0107875,4.401565953534477e+17,46.71217218011904,576.9382691752832,15.05069413162011,9083797545.037424,1.6607199658025649e+18,474515578.54241854,4.078817284255994e+17,45.2077969453662,407.1572345770061,11.894978285835435,7220491381.948199,-34.57857982946084,-7.332587371985505,-7.3325873719855075,-20.512414041054548
North America,3.229553770698275e+18,415407627.55106515,3.5707401145220685e+17,26.283100446345546,904.4494046384946,19.140905915799184,9475243820.17325,2.533677595757428e+18,566335443.7204121,4.8680778903597325e+17,33.55086813622453,520.467760134832,18.147574910546542,7868393944.390966,-21.473707570547287,36.33246145698029,36.33246145698028,-16.958401348588236
Oceania,3.342906611736874e+17,19719638.468836132,1.6950508236849818e+16,26.21558277724479,1972.1571560134764,1.9812725064714996,3930828141.87445,4.094776054543403e+17,31391466.456579387,2.6983319779414228e+16,32.29418683576747,1517.5212271943415,2.932900986146345,5389718637.148323,22.58827745651681,59.18885382299878,59.188853822998794,37.114074760291814
South America,1.840039735223349e+18,309053283.40658075,2.6565447608421165e+17,24.77466346122,692.6439796331766,10.905539883804783,4825606234.205547,1.5517063692708506e+18,470616553.26307386,4.045302237711067e+17,30.69119580200237,383.58230809197704,11.114163705227371,4074940817.6305075,-15.625341910014027,52.2768333264868,52.276833326486795,-15.555877959002677
