continent,Calories2000,Population2000,Caloryrequirements2000,Cropland2000,Sufficiency2000,Percentageoftotalcal2000,Yield2000,Calories2050,Population2050,Caloryrequirements2050,Cropland2050,Sufficiency2050,Percentageoftotalcal2050,Yield2050,diffCalories,diffPopulation,diffCaloryrequirements,diffYield
Africa,1.3635610402197028e+18,733493489.803519,6.304926664978598e+17,24.88733451977633,216.26913565763596,8.081547927177398,2384412607.6614976,1.5743011571448635e+18,2069353648.5427384,1.7787646624461243e+18,29.207932797004815,88.50530878997301,11.151976509418907,2739148033.686765,15.552518836470318,182.12297413806036,182.12297413806036,14.877266832319465
Asia,7.48875428486077e+18,3517987989.948624,3.023974526460089e+18,34.44847374261248,247.64607701994177,44.3843178873797,4937351054.01377,6.18991011960322e+18,4599537091.484139,3.953647095412479e+18,35.36100969011611,156.56202919035277,43.847857149785185,5308078645.375639,-17.271987760682634,30.74339948361535,30.74339948361533,7.5086334211639585
Europe,2.5394318428930355e+18,512063049.0107875,4.401565953534477e+17,46.71217218011904,576.9382691752832,15.05069413162011,9083797545.037424,1.692107160095686e+18,514274337.79874015,4.4205736391335206e+17,45.8590333636597,382.779996043083,11.986486330880735,7248567819.878255,-33.36388718903925,0.4318391635999646,0.4318391635999589,-20.203331437761676
North America,3.229553770698275e+18,415407627.55106515,3.5707401145220685e+17,26.283100446345546,904.4494046384946,19.140905915799184,9475243820.17325,2.710501924791746e+18,571232493.5720978,4.9101717066223597e+17,27.726588689331177,552.0177473908063,19.200553627764897,7891511377.799331,-16.042830085162528,37.5113155576031,37.51131555760309,-16.714424160801823
Oceania,3.342906611736874e+17,19719638.468836132,1.6950508236849818e+16,26.21558277724479,1972.1571560134764,1.9812725064714996,3930828141.87445,4.6946665165264915e+17,36503643.68555314,3.137761952100934e+16,20.410609077774584,1496.1831356846906,3.3255905627871782,5673527600.524798,40.51305749495758,85.11314871842889,85.11314871842887,44.334155443878714
South America,1.840039735223349e+18,309053283.40658075,2.6565447608421165e+17,24.77466346122,692.6439796331766,10.905539883804783,4825606234.205547,1.4135509308635643e+18,395757583.7536794,3.40183325055069e+17,27.08746313722289,415.52622564164136,10.013259981620621,4110453724.8448887,-23.127035071028054,28.0548064047044,28.054806404704408,-14.819951621651452
