continent,Calories2000,Population2000,Caloryrequirements2000,Cropland2000,Sufficiency2000,Percentageoftotalcal2000,Yield2000,Calories2050,Population2050,Caloryrequirements2050,Cropland2050,Sufficiency2050,Percentageoftotalcal2050,Yield2050,diffCalories,diffPopulation,diffCaloryrequirements,diffYield
Africa,1.3635610402197028e+18,733493489.803519,6.304926664978598e+17,24.88733451977633,216.26913565763596,8.081547927177398,2384412607.6614976,1.674856115421999e+18,1550823931.6711006,1.3330494810661862e+18,34.551928952982806,125.64095625936051,11.849455219263806,2786065140.475876,23.01545455321414,111.42981542842597,111.42981542842595,16.84492572819841
Asia,7.48875428486077e+18,3517987989.948624,3.023974526460089e+18,34.44847374261248,247.64607701994177,44.3843178873797,4937351054.01377,6.314195642972457e+18,4366418386.404601,3.753264084493735e+18,37.197143041890634,168.2321174536845,44.67236189911218,5314821488.1093855,-15.608759994695653,24.11692134481583,24.11692134481581,7.645201444380881
Europe,2.5394318428930355e+18,512063049.0107875,4.401565953534477e+17,46.71217218011904,576.9382691752832,15.05069413162011,9083797545.037424,1.6591031913279283e+18,614879817.3575317,5.285353190051003e+17,45.82496466601666,313.9058321496805,11.738004709034083,7164329430.255853,-34.66507152728344,20.07892749640253,20.078927496402525,-21.13067915995329
North America,3.229553770698275e+18,415407627.55106515,3.5707401145220685e+17,26.283100446345546,904.4494046384946,19.140905915799184,9475243820.17325,2.351461085958647e+18,601930741.5646642,5.174046171804463e+17,32.06102798549223,454.47238155174176,16.63637406302683,7931064665.689795,-27.118944720404304,44.90122512029951,44.90122512029951,-16.296985954027104
Oceania,3.342906611736874e+17,19719638.468836132,1.6950508236849818e+16,26.21558277724479,1972.1571560134764,1.9812725064714996,3930828141.87445,3.636044976224085e+17,39945777.87845996,3.433639201987722e+16,29.732080146725202,1058.9478865802764,2.5724688660876773,5407855888.316234,8.928322061574143,102.5685102776511,102.5685102776511,37.57548519374978
South America,1.840039735223349e+18,309053283.40658075,2.6565447608421165e+17,24.77466346122,692.6439796331766,10.905539883804783,4825606234.205547,1.707694622760491e+18,378782275.77717507,3.2559177470116525e+17,34.932404083218344,524.4894851314497,12.081784682428994,4097634389.2608013,-7.15449312377644,22.562126375748953,22.56212637574895,-15.085603955512008
